Consumer Constants,I1,I2,I3,I4,I5
V1,1.502403846,3.004807692,6.260016026,11.26802885,15.02403846
V2,4.507211538,9.014423077,18.78004808,33.80408654,45.07211538
V3,7.512019231,15.02403846,31.30008013,56.34014423,75.12019231
V4,10.51682692,21.03365385,43.82011218,78.87620192,105.1682692
V5,13.52163462,27.04326923,56.34014423,101.4122596,135.2163462
V6,16.52644231,33.05288462,68.86017628,123.9483173,165.2644231
V7,19.53125,39.0625,81.38020833,146.484375,195.3125